SMILES,MP
CCO,112.65393
c1ccccc1,113.069084
CC(=O)O,112.72339
O=C(O)C(O)C(O)C(O)CO,124.462326
